{"cameraMode":{"drawMode":0,"name":"Shaded","section":"Shading Mode"},"sceneLighting":true,"audioPlay":false,"sceneViewState":{"showFog":false,"showMaterialUpdate":false,"showSkybox":false,"showFlares":false,"showImageEffects":false,"showParticleSystems":false},"in2DMode":false,"pivot":{"x":-6.136560440063477,"y":2.7045769691467287,"z":-9.440903663635254},"rotation":{"x":-0.26554688811302187,"y":-0.3649763762950897,"z":0.1094343364238739,"w":-0.885607898235321},"size":14.001362800598145,"orthographic":false}